Type,Proposed IATIPlus Fields,Labels,Properties
Organization,,,
,IatiOrganisations,IatiOrganisations,
,IatiOrganisations_Version,,IatiOrganisations_Version
,IatiOrganisations_GeneratedDatetime,,IatiOrganisations_GeneratedDatetime
,IatiOrganisation,IatiOrganisation,
,IatiOrganisation_LastUpdatedDatetime,,IatiOrganisation_LastUpdatedDatetime
,IatiOrganisation_Lang,,IatiOrganisation_Lang
,IatiOrganisation_DefaultCurrency,,IatiOrganisation_DefaultCurrency
,OrganisationIdentifier,OrganisationIdentifier,
,Name,Name,
,NameNarrative,NameNarrative,
,NameNarrative_Text,,NameNarrative_Text
,NameNarrative_Lang,,NameNarrative_Lang
,ReportingOrg,ReportingOrg,
,ReportingOrg_Ref,,ReportingOrg_Ref
,ReportingOrg_Type,,ReportingOrg_Type
,ReportingOrg_SecondaryReporter,,ReportingOrg_SecondaryReporter
,ReportingOrgNarrative,ReportingOrgNarrative,
,ReportingOrgNarrative_Text,,ReportingOrgNarrative_Text
,ReportingOrgNarrative_Lang,,ReportingOrgNarrative_Lang
,TotalBudget,TotalBudget,
,TotalBudget_Status,,TotalBudget_Status
,TotalBudgetPeriodStart,TotalBudgetPeriodStart,
,TotalBudgetPeriodStart_IsoDate,,TotalBudgetPeriodStart_IsoDate
,TotalBudgetPeriodEnd,TotalBudgetPeriodEnd,
,TotalBudgetPeriodEnd_IsoDate,,TotalBudgetPeriodEnd_IsoDate
,TotalBudgetValue,TotalBudgetValue,
,TotalBudgetValue_Currency,,TotalBudgetValue_Currency
,TotalBudgetValue_ValueDate,,TotalBudgetValue_ValueDate
,TotalBudgetValue_Text,,TotalBudgetValue_Text
,TotalBudgetBudgetLine,TotalBudgetBudgetLine,
,TotalBudgetBudgetLine_Ref,,TotalBudgetBudgetLine_Ref
,TotalBudgetBudgetLineValue,TotalBudgetBudgetLineValue,
,TotalBudgetBudgetLineValue_Currency,,TotalBudgetBudgetLineValue_Currency
,TotalBudgetBudgetLineValue_ValueDate,,TotalBudgetBudgetLineValue_ValueDate
,TotalBudgetBudgetLineValue_Text,,TotalBudgetBudgetLineValue_Text
,TotalBudgetBudgetLineNarrative,TotalBudgetBudgetLineNarrative,
,TotalBudgetBudgetLineNarrative_Text,,TotalBudgetBudgetLineNarrative_Text
,TotalBudgetBudgetLineNarrative_Lang,,TotalBudgetBudgetLineNarrative_Lang
,RecipientOrgBudget,RecipientOrgBudget,
,RecipientOrgBudget_Status,,RecipientOrgBudget_Status
,RecipientOrgBudgetRecipientOrg,RecipientOrgBudgetRecipientOrg,
,RecipientOrgBudgetRecipientOrg_Ref,,RecipientOrgBudgetRecipientOrg_Ref
,RecipientOrgBudgetRecipientOrgNarrative,RecipientOrgBudgetRecipientOrgNarrative,
,RecipientOrgBudgetRecipientOrgNarrative_Text,,RecipientOrgBudgetRecipientOrgNarrative_Text
,RecipientOrgBudgetRecipientOrgNarrative_Lang,,RecipientOrgBudgetRecipientOrgNarrative_Lang
,RecipientOrgBudgetPeriodStart,RecipientOrgBudgetPeriodStart,
,RecipientOrgBudgetPeriodStart_IsoDate,,RecipientOrgBudgetPeriodStart_IsoDate
,RecipientOrgBudgetPeriodEnd,RecipientOrgBudgetPeriodEnd,
,RecipientOrgBudgetPeriodEnd_IsoDate,,RecipientOrgBudgetPeriodEnd_IsoDate
,RecipientOrgBudgetValue,RecipientOrgBudgetValue,
,RecipientOrgBudgetValue_Currency,,RecipientOrgBudgetValue_Currency
,RecipientOrgBudgetValue_ValueDate,,RecipientOrgBudgetValue_ValueDate
,RecipientOrgBudgetValue_Text,,RecipientOrgBudgetValue_Text
,RecipientOrgBudgetBudgetLine,RecipientOrgBudgetBudgetLine,
,RecipientOrgBudgetBudgetLine_Ref,,RecipientOrgBudgetBudgetLine_Ref
,RecipientOrgBudgetBudgetLineValue,RecipientOrgBudgetBudgetLineValue,
,RecipientOrgBudgetBudgetLineValue_Currency,,RecipientOrgBudgetBudgetLineValue_Currency
,RecipientOrgBudgetBudgetLineValue_ValueDate,,RecipientOrgBudgetBudgetLineValue_ValueDate
,RecipientOrgBudgetBudgetLineValue_Text,,RecipientOrgBudgetBudgetLineValue_Text
,RecipientOrgBudgetBudgetLineNarrative,RecipientOrgBudgetBudgetLineNarrative,
,RecipientOrgBudgetBudgetLineNarrative_Text,,RecipientOrgBudgetBudgetLineNarrative_Text
,RecipientOrgBudgetBudgetLineNarrative_Lang,,RecipientOrgBudgetBudgetLineNarrative_Lang
,RecipientRegionBudget,RecipientRegionBudget,
,RecipientRegionBudget_Status,,RecipientRegionBudget_Status
,RecipientRegionBudgetRecipientRegion,RecipientRegionBudgetRecipientRegion,
,RecipientRegionBudgetRecipientRegion_Vocabulary,,RecipientRegionBudgetRecipientRegion_Vocabulary
,RecipientRegionBudgetRecipientRegion_VocabularyUri,,RecipientRegionBudgetRecipientRegion_VocabularyUri
,RecipientRegionBudgetRecipientRegion_Code,,RecipientRegionBudgetRecipientRegion_Code
,RecipientRegionBudgetRecipientRegionNarrative,RecipientRegionBudgetRecipientRegionNarrative,
,RecipientRegionBudgetRecipientRegionNarrative_Text,,RecipientRegionBudgetRecipientRegionNarrative_Text
,RecipientRegionBudgetRecipientRegionNarrative_Lang,,RecipientRegionBudgetRecipientRegionNarrative_Lang
,RecipientRegionBudgetPeriodStart,RecipientRegionBudgetPeriodStart,
,RecipientRegionBudgetPeriodStart_IsoDate,,RecipientRegionBudgetPeriodStart_IsoDate
,RecipientRegionBudgetPeriodEnd,RecipientRegionBudgetPeriodEnd,
,RecipientRegionBudgetPeriodEnd_IsoDate,,RecipientRegionBudgetPeriodEnd_IsoDate
,RecipientRegionBudgetValue,RecipientRegionBudgetValue,
,RecipientRegionBudgetValue_Currency,,RecipientRegionBudgetValue_Currency
,RecipientRegionBudgetValue_ValueDate,,RecipientRegionBudgetValue_ValueDate
,RecipientRegionBudgetValue_Text,,RecipientRegionBudgetValue_Text
,RecipientRegionBudgetBudgetLine,RecipientRegionBudgetBudgetLine,
,RecipientRegionBudgetBudgetLine_Ref,,RecipientRegionBudgetBudgetLine_Ref
,RecipientRegionBudgetBudgetLineValue,RecipientRegionBudgetBudgetLineValue,
,RecipientRegionBudgetBudgetLineValue_Currency,,RecipientRegionBudgetBudgetLineValue_Currency
,RecipientRegionBudgetBudgetLineValue_ValueDate,,RecipientRegionBudgetBudgetLineValue_ValueDate
,RecipientRegionBudgetBudgetLineValue_Text,,RecipientRegionBudgetBudgetLineValue_Text
,RecipientRegionBudgetBudgetLineNarrative,RecipientRegionBudgetBudgetLineNarrative,
,RecipientRegionBudgetBudgetLineNarrative_Text,,RecipientRegionBudgetBudgetLineNarrative_Text
,RecipientRegionBudgetBudgetLineNarrative_Lang,,RecipientRegionBudgetBudgetLineNarrative_Lang
,RecipientCountryBudget,RecipientCountryBudget,
,RecipientCountryBudget_Status,,RecipientCountryBudget_Status
,RecipientCountryBudgetRecipientCountry,RecipientCountryBudgetRecipientCountry,
,RecipientCountryBudgetRecipientCountry_Code,,RecipientCountryBudgetRecipientCountry_Code
,RecipientCountryBudgetRecipientCountryNarrative,RecipientCountryBudgetRecipientCountryNarrative,RecipientCountryBudgetRecipientCountryNarrative
,RecipientCountryBudgetRecipientCountryNarrative_Text,,RecipientCountryBudgetRecipientCountryNarrative_Text
,RecipientCountryBudgetRecipientCountryNarrative_Lang,,RecipientCountryBudgetRecipientCountryNarrative_Lang
,RecipientCountryBudgetPeriodStart,RecipientCountryBudgetPeriodStart,
,RecipientCountryBudgetPeriodStart_IsoDate,,RecipientCountryBudgetPeriodStart_IsoDate
,RecipientCountryBudgetPeriodEnd,RecipientCountryBudgetPeriodEnd,
,RecipientCountryBudgetPeriodEnd_IsoDate,,RecipientCountryBudgetPeriodEnd_IsoDate
,RecipientCountryBudgetValue,RecipientCountryBudgetValue,
,RecipientCountryBudgetValue_Currency,,RecipientCountryBudgetValue_Currency
,RecipientCountryBudgetValue_ValueDate,,RecipientCountryBudgetValue_ValueDate
,RecipientCountryBudgetValue_Text,,RecipientCountryBudgetValue_Text
,RecipientCountryBudgetBudgetLine,RecipientCountryBudgetBudgetLine,
,RecipientCountryBudgetBudgetLine_Ref,,RecipientCountryBudgetBudgetLine_Ref
,RecipientCountryBudgetBudgetLineValue,RecipientCountryBudgetBudgetLineValue,
,RecipientCountryBudgetBudgetLineValue_Currency,,RecipientCountryBudgetBudgetLineValue_Currency
,RecipientCountryBudgetBudgetLineValue_ValueDate,,RecipientCountryBudgetBudgetLineValue_ValueDate
,RecipientCountryBudgetBudgetLineValue_Text,,RecipientCountryBudgetBudgetLineValue_Text
,RecipientCountryBudgetBudgetLineNarrative,RecipientCountryBudgetBudgetLineNarrative,
,RecipientCountryBudgetBudgetLineNarrative_Text,,RecipientCountryBudgetBudgetLineNarrative_Text
,RecipientCountryBudgetBudgetLineNarrative_Lang,,RecipientCountryBudgetBudgetLineNarrative_Lang
,TotalExpenditure,TotalExpenditure,
,TotalExpenditurePeriodStart,TotalExpenditurePeriodStart,
,TotalExpenditurePeriodStart_IsoDate,,TotalExpenditurePeriodStart_IsoDate
,TotalExpenditurePeriodEnd,TotalExpenditurePeriodEnd,
,TotalExpenditurePeriodEnd_IsoDate,,TotalExpenditurePeriodEnd_IsoDate
,TotalExpenditureValue,TotalExpenditureValue,
,TotalExpenditureValue_Currency,,TotalExpenditureValue_Currency
,TotalExpenditureValue_ValueDate,,TotalExpenditureValue_ValueDate
,TotalExpenditureValue_Text,,TotalExpenditureValue_Text
,TotalExpenditureExpenseLine,TotalExpenditureExpenseLine,
,TotalExpenditureExpenseLine_Ref,,TotalExpenditureExpenseLine_Ref
,TotalExpenditureExpenseLineValue,TotalExpenditureExpenseLineValue,
,TotalExpenditureExpenseLineValue_Currency,,TotalExpenditureExpenseLineValue_Currency
,TotalExpenditureExpenseLineValue_ValueDate,,TotalExpenditureExpenseLineValue_ValueDate
,TotalExpenditureExpenseLineValue_Text,,TotalExpenditureExpenseLineValue_Text
,TotalExpenditureExpenseLineNarrative,TotalExpenditureExpenseLineNarrative,
,TotalExpenditureExpenseLineNarrative_Text,,TotalExpenditureExpenseLineNarrative_Text
,TotalExpenditureExpenseLineNarrative_Lang,,TotalExpenditureExpenseLineNarrative_Lang
,DocumentLink,DocumentLink,
,DocumentLink_Url,,DocumentLink_Url
,DocumentLink_Format,,DocumentLink_Format
,DocumentLinkTitle,DocumentLinkTitle,
,DocumentLinkTitleNarrative,DocumentLinkTitleNarrative,
,DocumentLinkTitleNarrative_Text,,DocumentLinkTitleNarrative_Text
,DocumentLinkTitleNarrative_Lang,,DocumentLinkTitleNarrative_Lang
,DocumentLinkDescription,DocumentLinkDescription,
,DocumentLinkDescriptionNarrative,DocumentLinkDescriptionNarrative,
,DocumentLinkDescriptionNarrative_Text,,DocumentLinkDescriptionNarrative_Text
,DocumentLinkDescriptionNarrative_Lang,,DocumentLinkDescriptionNarrative_Lang
,DocumentLinkCategory,DocumentLinkCategory,
,DocumentLinkCategory_Code,,DocumentLinkCategory_Code
,DocumentLinkLanguage,DocumentLinkLanguage,
,DocumentLinkLanguage_Code,,DocumentLinkLanguage_Code
,DocumentLinkDocumentDate,DocumentLinkDocumentDate,
,DocumentLinkDocumentDate_IsoDate,,DocumentLinkDocumentDate_IsoDate
,DocumentLinkRecipientCountry,DocumentLinkRecipientCountry,
,DocumentLinkRecipientCountry_Code,,DocumentLinkRecipientCountry_Code
,DocumentLinkRecipientCountryNarrative,DocumentLinkRecipientCountryNarrative,
,DocumentLinkRecipientCountryNarrative_Text,,DocumentLinkRecipientCountryNarrative_Text
,DocumentLinkRecipientCountryNarrative_Lang,,DocumentLinkRecipientCountryNarrative_Lang
Activity,,,
,IatiActivities,IatiActivities,
,IatiActivities_Version,,IatiActivities_Version
,IatiActivities_GeneratedDatetime,,IatiActivities_GeneratedDatetime
,IatiActivities_LinkedDataDefault,,IatiActivities_LinkedDataDefault
,IatiActivity,IatiActivity,
,IatiActivity_LastUpdatedDatetime,,IatiActivity_LastUpdatedDatetime
,IatiActivity_Lang,,IatiActivity_Lang
,IatiActivity_DefaultCurrency,,IatiActivity_DefaultCurrency
,IatiActivity_Humanitarian,,IatiActivity_Humanitarian
,IatiActivity_Hierarchy,,IatiActivity_Hierarchy
,IatiActivity_LinkedDataUri,,IatiActivity_LinkedDataUri
,IatiActivity_BudgetNotProvided,,IatiActivity_BudgetNotProvided
,IatiIdentifier,IatiIdentifier,
,IatiIdentifier_Text,,IatiIdentifier_Text
,ReportingOrg,ReportingOrg,
,ReportingOrg_Ref,,ReportingOrg_Ref
,ReportingOrg_Type,,ReportingOrg_Type
,ReportingOrg_SecondaryReporter,,ReportingOrg_SecondaryReporter
,ReportingOrgNarrative,ReportingOrgNarrative,
,ReportingOrgNarrative_Text,,ReportingOrgNarrative_Text
,ReportingOrgNarrative_Lang,,ReportingOrgNarrative_Lang
,Title,Title,
,TitleNarrative,TitleNarrative,
,TitleNarrative_Text,,TitleNarrative_Text
,TitleNarrative_Lang,,TitleNarrative_Lang
,Description,Description,
,Description_Type,,Description_Type
,DescriptionNarrative,DescriptionNarrative,
,DescriptionNarrative_Text,,DescriptionNarrative_Text
,DescriptionNarrative_Lang,,DescriptionNarrative_Lang
,ParticipatingOrg,ParticipatingOrg,
,ParticipatingOrg_Ref,,ParticipatingOrg_Ref
,ParticipatingOrg_Type,,ParticipatingOrg_Type
,ParticipatingOrg_Role,,ParticipatingOrg_Role
,ParticipatingOrg_ActivityId,,ParticipatingOrg_ActivityId
,ParticipatingOrg_CrsChannelCode,,ParticipatingOrg_CrsChannelCode
,ParticipatingOrgNarrative,ParticipatingOrgNarrative,
,ParticipatingOrgNarrative_Text,,ParticipatingOrgNarrative_Text
,ParticipatingOrgNarrative_Lang,,ParticipatingOrgNarrative_Lang
,OtherIdentifier,OtherIdentifier,
,OtherIdentifier_Ref,,OtherIdentifier_Ref
,OtherIdentifier_Type,,OtherIdentifier_Type
,OtherIdentifierOwnerOrg,OtherIdentifierOwnerOrg,
,OtherIdentifierOwnerOrg_Ref,,OtherIdentifierOwnerOrg_Ref
,OtherIdentifierOwnerOrgNarrative,OtherIdentifierOwnerOrgNarrative,
,OtherIdentifierOwnerOrgNarrative_Text,,OtherIdentifierOwnerOrgNarrative_Text
,OtherIdentifierOwnerOrgNarrative_Lang,,OtherIdentifierOwnerOrgNarrative_Lang
,ActivityStatus,ActivityStatus,
,ActivityStatus_Code,,ActivityStatus_Code
,ActivityDate,ActivityDate,
,ActivityDate_Type,,ActivityDate_Type
,ActivityDate_IsoDate,,ActivityDate_IsoDate
,ActivityDateNarrative,ActivityDateNarrative,
,ActivityDateNarrative_Text,,ActivityDateNarrative_Text
,ActivityDateNarrative_Lang,,ActivityDateNarrative_Lang
,ContactInfo,ContactInfo,
,ContactInfo_Type,,ContactInfo_Type
,ContactInfoOrganisation,ContactInfoOrganisation,
,ContactInfoOrganisationNarrative,ContactInfoOrganisationNarrative,
,ContactInfoOrganisationNarrative_Text,,ContactInfoOrganisationNarrative_Text
,ContactInfoOrganisationNarrative_Lang,,ContactInfoOrganisationNarrative_Lang
,ContactInfoDepartment,ContactInfoDepartment,
,ContactInfoDepartmentNarrative,ContactInfoDepartmentNarrative,
,ContactInfoDepartmentNarrative_Text,,ContactInfoDepartmentNarrative_Text
,ContactInfoDepartmentNarrative_Lang,,ContactInfoDepartmentNarrative_Lang
,ContactInfoPersonName,ContactInfoPersonName,
,ContactInfoPersonNameNarrative,ContactInfoPersonNameNarrative,
,ContactInfoPersonNameNarrative_Text,,ContactInfoPersonNameNarrative_Text
,ContactInfoPersonNameNarrative_Lang,,ContactInfoPersonNameNarrative_Lang
,ContactInfoJobTitle,ContactInfoJobTitle,
,ContactInfoJobTitleNarrative,ContactInfoJobTitleNarrative,
,ContactInfoJobTitleNarrative_Text,,ContactInfoJobTitleNarrative_Text
,ContactInfoJobTitleNarrative_Lang,,ContactInfoJobTitleNarrative_Lang
,ContactInfoTelephone,ContactInfoTelephone,
,ContactInfoTelephone_Text,,ContactInfoTelephone_Text
,ContactInfoEmail,ContactInfoEmail,
,ContactInfoEmail_Text,,ContactInfoEmail_Text
,ContactInfoWebsite,ContactInfoWebsite,
,ContactInfoWebsite_Text,,ContactInfoWebsite_Text
,ContactInfoMailingAddress,ContactInfoMailingAddress,
,ContactInfoMailingAddressNarrative,ContactInfoMailingAddressNarrative,
,ContactInfoMailingAddressNarrative_Text,,ContactInfoMailingAddressNarrative_Text
,ContactInfoMailingAddressNarrative_Lang,,ContactInfoMailingAddressNarrative_Lang
,ActivityScope,ActivityScope,
,ActivityScope_Code,,ActivityScope_Code
,RecipientCountry,RecipientCountry,
,RecipientCountry_Code,,RecipientCountry_Code
,RecipientCountry_Percentage,,RecipientCountry_Percentage
,RecipientCountryNarrative,RecipientCountryNarrative,
,RecipientCountryNarrative_Text,,RecipientCountryNarrative_Text
,RecipientCountryNarrative_Lang,,RecipientCountryNarrative_Lang
,RecipientRegion,RecipientRegion,
,RecipientRegion_Code,,RecipientRegion_Code
,RecipientRegion_Vocabulary,,RecipientRegion_Vocabulary
,RecipientRegion_VocabularyUri,,RecipientRegion_VocabularyUri
,RecipientRegion_Percentage,,RecipientRegion_Percentage
,RecipientRegionNarrative,RecipientRegionNarrative,
,RecipientRegionNarrative_Text,,RecipientRegionNarrative_Text
,RecipientRegionNarrative_Lang,,RecipientRegionNarrative_Lang
,Location,Location,
,Location_Ref,,Location_Ref
,LocationLocationReach,LocationLocationReach,
,LocationLocationReach_Code,,LocationLocationReach_Code
,LocationLocationId,LocationLocationId,
,LocationLocationId_Code,,LocationLocationId_Code
,LocationLocationId_Vocabulary,,LocationLocationId_Vocabulary
,LocationName,LocationName,
,LocationNameNarrative,LocationNameNarrative,
,LocationNameNarrative_Text,,LocationNameNarrative_Text
,LocationNameNarrative_Lang,,LocationNameNarrative_Lang
,LocationDescription,LocationDescription,
,LocationDescriptionNarrative,LocationDescriptionNarrative,
,LocationDescriptionNarrative_Text,,LocationDescriptionNarrative_Text
,LocationDescriptionNarrative_Lang,,LocationDescriptionNarrative_Lang
,LocationActivityDescription,LocationActivityDescription,
,LocationActivityDescriptionNarrative,LocationActivityDescriptionNarrative,
,LocationActivityDescriptionNarrative_Text,,LocationActivityDescriptionNarrative_Text
,LocationActivityDescriptionNarrative_Lang,,LocationActivityDescriptionNarrative_Lang
,LocationAdministrative,LocationAdministrative,
,LocationAdministrative_Code,,LocationAdministrative_Code
,LocationAdministrative_Vocabulary,,LocationAdministrative_Vocabulary
,LocationAdministrative_Level,,LocationAdministrative_Level
,LocationPoint,LocationPoint,
,LocationPoint_Srsname,,LocationPoint_Srsname
,LocationPointPos,LocationPointPos,
,LocationPointPos_Text,,LocationPointPos_Text
,LocationExactness,LocationExactness,
,LocationExactness_Code,,LocationExactness_Code
,LocationLocationClass,LocationLocationClass,
,LocationLocationClass_Code,,LocationLocationClass_Code
,LocationFeatureDesignation,LocationFeatureDesignation,
,LocationFeatureDesignation_Code,,LocationFeatureDesignation_Code
,Sector,Sector,
,Sector_Vocabulary,,Sector_Vocabulary
,Sector_VocabularyUri,,Sector_VocabularyUri
,Sector_Code,,Sector_Code
,Sector_Percentage,,Sector_Percentage
,SectorNarrative,SectorNarrative,
,SectorNarrative_Text,,SectorNarrative_Text
,SectorNarrative_Lang,,SectorNarrative_Lang
,Tag,Tag,
,Tag_Code,,Tag_Code
,Tag_Vocabulary,,Tag_Vocabulary
,Tag_VocabularyUri,,Tag_VocabularyUri
,TagNarrative,TagNarrative,
,TagNarrative_Text,,TagNarrative_Text
,TagNarrative_Lang,,TagNarrative_Lang
,CountryBudgetItems,CountryBudgetItems,
,CountryBudgetItems_Vocabulary,,CountryBudgetItems_Vocabulary
,CountryBudgetItemsBudgetItem,CountryBudgetItemsBudgetItem,
,CountryBudgetItemsBudgetItem_Code,,CountryBudgetItemsBudgetItem_Code
,CountryBudgetItemsBudgetItem_Percentage,,CountryBudgetItemsBudgetItem_Percentage
,CountryBudgetItemsBudgetItemDescription,CountryBudgetItemsBudgetItemDescription,
,CountryBudgetItemsBudgetItemDescriptionNarrative,CountryBudgetItemsBudgetItemDescriptionNarrative,
,CountryBudgetItemsBudgetItemDescriptionNarrative_Text,,CountryBudgetItemsBudgetItemDescriptionNarrative_Text
,CountryBudgetItemsBudgetItemDescriptionNarrative_Lang,,CountryBudgetItemsBudgetItemDescriptionNarrative_Lang
,HumanitarianScope,HumanitarianScope,
,HumanitarianScope_Type,,HumanitarianScope_Type
,HumanitarianScope_Vocabulary,,HumanitarianScope_Vocabulary
,HumanitarianScope_VocabularyUri,,HumanitarianScope_VocabularyUri
,HumanitarianScope_Code,,HumanitarianScope_Code
,HumanitarianScopeNarrative,HumanitarianScopeNarrative,
,HumanitarianScopeNarrative_Text,,HumanitarianScopeNarrative_Text
,HumanitarianScopeNarrative_Lang,,HumanitarianScopeNarrative_Lang
,PolicyMarker,PolicyMarker,
,PolicyMarker_Vocabulary,,PolicyMarker_Vocabulary
,PolicyMarker_VocabularyUri,,PolicyMarker_VocabularyUri
,PolicyMarker_Code,,PolicyMarker_Code
,PolicyMarker_Significance,,PolicyMarker_Significance
,PolicyMarkerNarrative,PolicyMarkerNarrative,
,PolicyMarkerNarrative_Text,,PolicyMarkerNarrative_Text
,PolicyMarkerNarrative_Lang,,PolicyMarkerNarrative_Lang
,CollaborationType,CollaborationType,
,CollaborationType_Code,,CollaborationType_Code
,DefaultFlowType,DefaultFlowType,
,DefaultFlowType_Code,,DefaultFlowType_Code
,DefaultFinanceType,DefaultFinanceType,
,DefaultFinanceType_Code,,DefaultFinanceType_Code
,DefaultAidType,DefaultAidType,
,DefaultAidType_Code,,DefaultAidType_Code
,DefaultAidType_Vocabulary,,DefaultAidType_Vocabulary
,DefaultTiedStatus,DefaultTiedStatus,
,DefaultTiedStatus_Code,,DefaultTiedStatus_Code
,Budget,Budget,
,Budget_Type,,Budget_Type
,Budget_Status,,Budget_Status
,BudgetPeriodStart,BudgetPeriodStart,
,BudgetPeriodStart_IsoDate,,BudgetPeriodStart_IsoDate
,BudgetPeriodEnd,BudgetPeriodEnd,
,BudgetPeriodEnd_IsoDate,,BudgetPeriodEnd_IsoDate
,BudgetValue,BudgetValue,
,BudgetValue_Currency,,BudgetValue_Currency
,BudgetValue_ValueDate,,BudgetValue_ValueDate
,BudgetValue_Text,,BudgetValue_Text
,PlannedDisbursement,PlannedDisbursement,
,PlannedDisbursement_Type,,PlannedDisbursement_Type
,PlannedDisbursementPeriodStart,PlannedDisbursementPeriodStart,
,PlannedDisbursementPeriodStart_IsoDate,,PlannedDisbursementPeriodStart_IsoDate
,PlannedDisbursementPeriodEnd,PlannedDisbursementPeriodEnd,
,PlannedDisbursementPeriodEnd_IsoDate,,PlannedDisbursementPeriodEnd_IsoDate
,PlannedDisbursementValue,PlannedDisbursementValue,
,PlannedDisbursementValue_Currency,,PlannedDisbursementValue_Currency
,PlannedDisbursementValue_ValueDate,,PlannedDisbursementValue_ValueDate
,PlannedDisbursementValue_Text,,PlannedDisbursementValue_Text
,PlannedDisbursementProviderOrg,PlannedDisbursementProviderOrg,
,PlannedDisbursementProviderOrg_Ref,,PlannedDisbursementProviderOrg_Ref
,PlannedDisbursementProviderOrg_ProviderActivityId,,PlannedDisbursementProviderOrg_ProviderActivityId
,PlannedDisbursementProviderOrg_Type,,PlannedDisbursementProviderOrg_Type
,PlannedDisbursementProviderOrgNarrative,PlannedDisbursementProviderOrgNarrative,
,PlannedDisbursementProviderOrgNarrative_Text,,PlannedDisbursementProviderOrgNarrative_Text
,PlannedDisbursementProviderOrgNarrative_Lang,,PlannedDisbursementProviderOrgNarrative_Lang
,PlannedDisbursementReceiverOrg,PlannedDisbursementReceiverOrg,
,PlannedDisbursementReceiverOrg_Ref,,PlannedDisbursementReceiverOrg_Ref
,PlannedDisbursementReceiverOrg_ReceiverActivityId,,PlannedDisbursementReceiverOrg_ReceiverActivityId
,PlannedDisbursementReceiverOrg_Type,,PlannedDisbursementReceiverOrg_Type
,PlannedDisbursementReceiverOrgNarrative,PlannedDisbursementReceiverOrgNarrative,
,PlannedDisbursementReceiverOrgNarrative_Text,,PlannedDisbursementReceiverOrgNarrative_Text
,PlannedDisbursementReceiverOrgNarrative_Lang,,PlannedDisbursementReceiverOrgNarrative_Lang
,CapitalSpend,CapitalSpend,
,CapitalSpend_Percentage,,CapitalSpend_Percentage
,Transaction,Transaction,
,Transaction_Ref,,Transaction_Ref
,Transaction_Humanitarian,,Transaction_Humanitarian
,TransactionTransactionType,TransactionTransactionType,
,TransactionTransactionType_Code,,TransactionTransactionType_Code
,TransactionTransactionDate,TransactionTransactionDate,
,TransactionTransactionDate_IsoDate,,TransactionTransactionDate_IsoDate
,TransactionValue,TransactionValue,
,TransactionValue_Currency,,TransactionValue_Currency
,TransactionValue_ValueDate,,TransactionValue_ValueDate
,TransactionValue_Text,,TransactionValue_Text
,TransactionDescription,TransactionDescription,
,TransactionDescriptionNarrative,TransactionDescriptionNarrative,
,TransactionDescriptionNarrative_Text,,TransactionDescriptionNarrative_Text
,TransactionDescriptionNarrative_Lang,,TransactionDescriptionNarrative_Lang
,TransactionProviderOrg,TransactionProviderOrg,
,TransactionProviderOrg_Ref,,TransactionProviderOrg_Ref
,TransactionProviderOrg_ProviderActivityId,,TransactionProviderOrg_ProviderActivityId
,TransactionProviderOrg_Type,,TransactionProviderOrg_Type
,TransactionProviderOrgNarrative,TransactionProviderOrgNarrative,
,TransactionProviderOrgNarrative_Text,,TransactionProviderOrgNarrative_Text
,TransactionProviderOrgNarrative_Lang,,TransactionProviderOrgNarrative_Lang
,TransactionReceiverOrg,TransactionReceiverOrg,
,TransactionReceiverOrg_Ref,,TransactionReceiverOrg_Ref
,TransactionReceiverOrg_ReceiverActivityId,,TransactionReceiverOrg_ReceiverActivityId
,TransactionReceiverOrg_Type,,TransactionReceiverOrg_Type
,TransactionReceiverOrgNarrative,TransactionReceiverOrgNarrative,
,TransactionReceiverOrgNarrative_Text,,TransactionReceiverOrgNarrative_Text
,TransactionReceiverOrgNarrative_Lang,,TransactionReceiverOrgNarrative_Lang
,TransactionDisbursementChannel,TransactionDisbursementChannel,
,TransactionDisbursementChannel_Code,,TransactionDisbursementChannel_Code
,TransactionSector,TransactionSector,
,TransactionSector_Vocabulary,,TransactionSector_Vocabulary
,TransactionSector_VocabularyUri,,TransactionSector_VocabularyUri
,TransactionSector_Code,,TransactionSector_Code
,TransactionSectorNarrative,TransactionSectorNarrative,
,TransactionSectorNarrative_Text,,TransactionSectorNarrative_Text
,TransactionSectorNarrative_Lang,,TransactionSectorNarrative_Lang
,TransactionRecipientCountry,TransactionRecipientCountry,
,TransactionRecipientCountry_Code,,TransactionRecipientCountry_Code
,TransactionRecipientCountryNarrative,TransactionRecipientCountryNarrative,
,TransactionRecipientCountryNarrative_Text,,TransactionRecipientCountryNarrative_Text
,TransactionRecipientCountryNarrative_Lang,,TransactionRecipientCountryNarrative_Lang
,TransactionRecipientRegion,TransactionRecipientRegion,
,TransactionRecipientRegion_Code,,TransactionRecipientRegion_Code
,TransactionRecipientRegion_Vocabulary,,TransactionRecipientRegion_Vocabulary
,TransactionRecipientRegion_VocabularyUri,,TransactionRecipientRegion_VocabularyUri
,TransactionRecipientRegionNarrative,TransactionRecipientRegionNarrative,
,TransactionRecipientRegionNarrative_Text,,TransactionRecipientRegionNarrative_Text
,TransactionRecipientRegionNarrative_Lang,,TransactionRecipientRegionNarrative_Lang
,TransactionFlowType,TransactionFlowType,
,TransactionFlowType_Code,,TransactionFlowType_Code
,TransactionFinanceType,TransactionFinanceType,
,TransactionFinanceType_Code,,TransactionFinanceType_Code
,TransactionAidType,TransactionAidType,
,TransactionAidType_Code,,TransactionAidType_Code
,TransactionAidType_Vocabulary,,TransactionAidType_Vocabulary
,TransactionTiedStatus,TransactionTiedStatus,
,TransactionTiedStatus_Code,,TransactionTiedStatus_Code
,DocumentLink,DocumentLink,
,DocumentLink_Url,,DocumentLink_Url
,DocumentLink_Format,,DocumentLink_Format
,DocumentLinkTitle,DocumentLinkTitle,
,DocumentLinkTitleNarrative,DocumentLinkTitleNarrative,
,DocumentLinkTitleNarrative_Text,,DocumentLinkTitleNarrative_Text
,DocumentLinkTitleNarrative_Lang,,DocumentLinkTitleNarrative_Lang
,DocumentLinkDescription,DocumentLinkDescription,
,DocumentLinkDescriptionNarrative,DocumentLinkDescriptionNarrative,
,DocumentLinkDescriptionNarrative_Text,,DocumentLinkDescriptionNarrative_Text
,DocumentLinkDescriptionNarrative_Lang,,DocumentLinkDescriptionNarrative_Lang
,DocumentLinkCategory,DocumentLinkCategory,
,DocumentLinkCategory_Code,,DocumentLinkCategory_Code
,DocumentLinkLanguage,DocumentLinkLanguage,
,DocumentLinkLanguage_Code,,DocumentLinkLanguage_Code
,DocumentLinkDocumentDate,DocumentLinkDocumentDate,
,DocumentLinkDocumentDate_IsoDate,,DocumentLinkDocumentDate_IsoDate
,RelatedActivity,RelatedActivity,
,RelatedActivity_Ref,,RelatedActivity_Ref
,RelatedActivity_Type,,RelatedActivity_Type
,LegacyData,LegacyData,
,LegacyData_Name,,LegacyData_Name
,LegacyData_Value,,LegacyData_Value
,LegacyData_IatiEquivalent,,LegacyData_IatiEquivalent
,Conditions,Conditions,
,Conditions_Attached,,Conditions_Attached
,ConditionsCondition,ConditionsCondition,
,ConditionsCondition_Type,,ConditionsCondition_Type
,ConditionsConditionNarrative,ConditionsConditionNarrative,
,ConditionsConditionNarrative_Text,,ConditionsConditionNarrative_Text
,ConditionsConditionNarrative_Lang,,ConditionsConditionNarrative_Lang
,Result,Result,
,Result_Type,,Result_Type
,Result_AggregationStatus,,Result_AggregationStatus
,ResultTitle,ResultTitle,
,ResultTitleNarrative,ResultTitleNarrative,
,ResultTitleNarrative_Text,,ResultTitleNarrative_Text
,ResultTitleNarrative_Lang,,ResultTitleNarrative_Lang
,ResultDescription,ResultDescription,
,ResultDescriptionNarrative,ResultDescriptionNarrative,
,ResultDescriptionNarrative_Text,,ResultDescriptionNarrative_Text
,ResultDescriptionNarrative_Lang,,ResultDescriptionNarrative_Lang
,ResultDocumentLink,ResultDocumentLink,
,ResultDocumentLink_Url,,ResultDocumentLink_Url
,ResultDocumentLink_Format,,ResultDocumentLink_Format
,ResultDocumentLinkTitle,ResultDocumentLinkTitle,
,ResultDocumentLinkTitleNarrative,ResultDocumentLinkTitleNarrative,
,ResultDocumentLinkTitleNarrative_Text,,ResultDocumentLinkTitleNarrative_Text
,ResultDocumentLinkTitleNarrative_Lang,,ResultDocumentLinkTitleNarrative_Lang
,ResultDocumentLinkDescription,ResultDocumentLinkDescription,
,ResultDocumentLinkDescriptionNarrative,ResultDocumentLinkDescriptionNarrative,
,ResultDocumentLinkDescriptionNarrative_Text,,ResultDocumentLinkDescriptionNarrative_Text
,ResultDocumentLinkDescriptionNarrative_Lang,,ResultDocumentLinkDescriptionNarrative_Lang
,ResultDocumentLinkCategory,ResultDocumentLinkCategory,
,ResultDocumentLinkCategory_Code,,ResultDocumentLinkCategory_Code
,ResultDocumentLinkLanguage,ResultDocumentLinkLanguage,
,ResultDocumentLinkLanguage_Code,,ResultDocumentLinkLanguage_Code
,ResultDocumentLinkDocumentDate,ResultDocumentLinkDocumentDate,
,ResultDocumentLinkDocumentDate_IsoDate,,ResultDocumentLinkDocumentDate_IsoDate
,ResultReference,ResultReference,
,ResultReference_Code,,ResultReference_Code
,ResultReference_Vocabulary,,ResultReference_Vocabulary
,ResultReference_VocabularyUri,,ResultReference_VocabularyUri
,ResultIndicator,ResultIndicator,
,ResultIndicator_Measure,,ResultIndicator_Measure
,ResultIndicator_Ascending,,ResultIndicator_Ascending
,ResultIndicator_AggregationStatus,,ResultIndicator_AggregationStatus
,ResultIndicatorTitle,ResultIndicatorTitle,
,ResultIndicatorTitleNarrative,ResultIndicatorTitleNarrative,
,ResultIndicatorTitleNarrative_Text,,ResultIndicatorTitleNarrative_Text
,ResultIndicatorTitleNarrative_Lang,,ResultIndicatorTitleNarrative_Lang
,ResultIndicatorDescription,ResultIndicatorDescription,
,ResultIndicatorDescriptionNarrative,ResultIndicatorDescriptionNarrative,
,ResultIndicatorDescriptionNarrative_Text,,ResultIndicatorDescriptionNarrative_Text
,ResultIndicatorDescriptionNarrative_Lang,,ResultIndicatorDescriptionNarrative_Lang
,ResultIndicatorDocumentLink,ResultIndicatorDocumentLink,
,ResultIndicatorDocumentLink_Url,,ResultIndicatorDocumentLink_Url
,ResultIndicatorDocumentLink_Format,,ResultIndicatorDocumentLink_Format
,ResultIndicatorDocumentLinkTitle,ResultIndicatorDocumentLinkTitle,
,ResultIndicatorDocumentLinkTitleNarrative,ResultIndicatorDocumentLinkTitleNarrative,
,ResultIndicatorDocumentLinkTitleNarrative_Text,,ResultIndicatorDocumentLinkTitleNarrative_Text
,ResultIndicatorDocumentLinkTitleNarrative_Lang,,ResultIndicatorDocumentLinkTitleNarrative_Lang
,ResultIndicatorDocumentLinkDescription,ResultIndicatorDocumentLinkDescription,
,ResultIndicatorDocumentLinkDescriptionNarrative,ResultIndicatorDocumentLinkDescriptionNarrative,
,ResultIndicatorDocumentLinkDescriptionNarrative_Text,,ResultIndicatorDocumentLinkDescriptionNarrative_Text
,ResultIndicatorDocumentLinkDescriptionNarrative_Lang,,ResultIndicatorDocumentLinkDescriptionNarrative_Lang
,ResultIndicatorDocumentLinkCategory,ResultIndicatorDocumentLinkCategory,
,ResultIndicatorDocumentLinkCategory_Code,,ResultIndicatorDocumentLinkCategory_Code
,ResultIndicatorDocumentLinkLanguage,ResultIndicatorDocumentLinkLanguage,
,ResultIndicatorDocumentLinkLanguage_Code,,ResultIndicatorDocumentLinkLanguage_Code
,ResultIndicatorDocumentLinkDocumentDate,ResultIndicatorDocumentLinkDocumentDate,
,ResultIndicatorDocumentLinkDocumentDate_IsoDate,,ResultIndicatorDocumentLinkDocumentDate_IsoDate
,ResultIndicatorReference,ResultIndicatorReference,
,ResultIndicatorReference_Vocabulary,,ResultIndicatorReference_Vocabulary
,ResultIndicatorReference_Code,,ResultIndicatorReference_Code
,ResultIndicatorReference_IndicatorUri,,ResultIndicatorReference_IndicatorUri
,ResultIndicatorBaseline,ResultIndicatorBaseline,
,ResultIndicatorBaseline_IsoDate,,ResultIndicatorBaseline_IsoDate
,ResultIndicatorBaseline_Year,,ResultIndicatorBaseline_Year
,ResultIndicatorBaseline_Value,,ResultIndicatorBaseline_Value
,ResultIndicatorBaselineLocation,ResultIndicatorBaselineLocation,
,ResultIndicatorBaselineLocation_Ref,,ResultIndicatorBaselineLocation_Ref
,ResultIndicatorBaselineDimension,ResultIndicatorBaselineDimension,
,ResultIndicatorBaselineDimension_Name,,ResultIndicatorBaselineDimension_Name
,ResultIndicatorBaselineDimension_Value,,ResultIndicatorBaselineDimension_Value
,ResultIndicatorBaselineDocumentLink,ResultIndicatorBaselineDocumentLink,
,ResultIndicatorBaselineDocumentLink_Url,,ResultIndicatorBaselineDocumentLink_Url
,ResultIndicatorBaselineDocumentLink_Format,,ResultIndicatorBaselineDocumentLink_Format
,ResultIndicatorBaselineDocumentLinkTitle,ResultIndicatorBaselineDocumentLinkTitle,
,ResultIndicatorBaselineDocumentLinkTitleNarrative,ResultIndicatorBaselineDocumentLinkTitleNarrative,
,ResultIndicatorBaselineDocumentLinkTitleNarrative_Text,,ResultIndicatorBaselineDocumentLinkTitleNarrative_Text
,ResultIndicatorBaselineDocumentLinkTitleNarrative_Lang,,ResultIndicatorBaselineDocumentLinkTitleNarrative_Lang
,ResultIndicatorBaselineDocumentLinkDescription,ResultIndicatorBaselineDocumentLinkDescription,
,ResultIndicatorBaselineDocumentLinkDescriptionNarrative,ResultIndicatorBaselineDocumentLinkDescriptionNarrative,
,ResultIndicatorBaselineDocumentLinkDescriptionNarrative_Text,,ResultIndicatorBaselineDocumentLinkDescriptionNarrative_Text
,ResultIndicatorBaselineDocumentLinkDescriptionNarrative_Lang,,ResultIndicatorBaselineDocumentLinkDescriptionNarrative_Lang
,ResultIndicatorBaselineDocumentLinkCategory,ResultIndicatorBaselineDocumentLinkCategory,
,ResultIndicatorBaselineDocumentLinkCategory_Code,,ResultIndicatorBaselineDocumentLinkCategory_Code
,ResultIndicatorBaselineDocumentLinkLanguage,ResultIndicatorBaselineDocumentLinkLanguage,
,ResultIndicatorBaselineDocumentLinkLanguage_Code,,ResultIndicatorBaselineDocumentLinkLanguage_Code
,ResultIndicatorBaselineDocumentLinkDocumentDate,ResultIndicatorBaselineDocumentLinkDocumentDate,
,ResultIndicatorBaselineDocumentLinkDocumentDate_IsoDate,,ResultIndicatorBaselineDocumentLinkDocumentDate_IsoDate
,ResultIndicatorBaselineComment,ResultIndicatorBaselineComment,
,ResultIndicatorBaselineCommentNarrative,ResultIndicatorBaselineCommentNarrative,
,ResultIndicatorBaselineCommentNarrative_Text,,ResultIndicatorBaselineCommentNarrative_Text
,ResultIndicatorBaselineCommentNarrative_Lang,,ResultIndicatorBaselineCommentNarrative_Lang
,ResultIndicatorPeriod,ResultIndicatorPeriod,
,ResultIndicatorPeriodPeriodStart,ResultIndicatorPeriodPeriodStart,
,ResultIndicatorPeriodPeriodStart_IsoDate,,ResultIndicatorPeriodPeriodStart_IsoDate
,ResultIndicatorPeriodPeriodEnd,ResultIndicatorPeriodPeriodEnd,
,ResultIndicatorPeriodPeriodEnd_IsoDate,,ResultIndicatorPeriodPeriodEnd_IsoDate
,ResultIndicatorPeriodTarget,ResultIndicatorPeriodTarget,
,ResultIndicatorPeriodTarget_Value,,ResultIndicatorPeriodTarget_Value
,ResultIndicatorPeriodTargetLocation,ResultIndicatorPeriodTargetLocation,
,ResultIndicatorPeriodTargetLocation_Ref,,ResultIndicatorPeriodTargetLocation_Ref
,ResultIndicatorPeriodTargetDimension,ResultIndicatorPeriodTargetDimension,
,ResultIndicatorPeriodTargetDimension_Name,,ResultIndicatorPeriodTargetDimension_Name
,ResultIndicatorPeriodTargetDimension_Value,,ResultIndicatorPeriodTargetDimension_Value
,ResultIndicatorPeriodTargetComment,ResultIndicatorPeriodTargetComment,
,ResultIndicatorPeriodTargetCommentNarrative,ResultIndicatorPeriodTargetCommentNarrative,
,ResultIndicatorPeriodTargetCommentNarrative_Text,,ResultIndicatorPeriodTargetCommentNarrative_Text
,ResultIndicatorPeriodTargetCommentNarrative_Lang,,ResultIndicatorPeriodTargetCommentNarrative_Lang
,ResultIndicatorPeriodTargetDocumentLink,ResultIndicatorPeriodTargetDocumentLink,
,ResultIndicatorPeriodTargetDocumentLink_Url,,ResultIndicatorPeriodTargetDocumentLink_Url
,ResultIndicatorPeriodTargetDocumentLink_Format,,ResultIndicatorPeriodTargetDocumentLink_Format
,ResultIndicatorPeriodTargetDocumentLinkTitle,ResultIndicatorPeriodTargetDocumentLinkTitle,
,ResultIndicatorPeriodTargetDocumentLinkTitleNarrative,ResultIndicatorPeriodTargetDocumentLinkTitleNarrative,
,ResultIndicatorPeriodTargetDocumentLinkTitleNarrative_Text,,ResultIndicatorPeriodTargetDocumentLinkTitleNarrative_Text
,ResultIndicatorPeriodTargetDocumentLinkTitleNarrative_Lang,,ResultIndicatorPeriodTargetDocumentLinkTitleNarrative_Lang
,ResultIndicatorPeriodTargetDocumentLinkDescription,ResultIndicatorPeriodTargetDocumentLinkDescription,
,ResultIndicatorPeriodTargetDocumentLinkDescriptionNarrative,ResultIndicatorPeriodTargetDocumentLinkDescriptionNarrative,
,ResultIndicatorPeriodTargetDocumentLinkDescriptionNarrative_Text,,ResultIndicatorPeriodTargetDocumentLinkDescriptionNarrative_Text
,ResultIndicatorPeriodTargetDocumentLinkDescriptionNarrative_Lang,,ResultIndicatorPeriodTargetDocumentLinkDescriptionNarrative_Lang
,ResultIndicatorPeriodTargetDocumentLinkCategory,ResultIndicatorPeriodTargetDocumentLinkCategory,
,ResultIndicatorPeriodTargetDocumentLinkCategory_Code,,ResultIndicatorPeriodTargetDocumentLinkCategory_Code
,ResultIndicatorPeriodTargetDocumentLinkLanguage,ResultIndicatorPeriodTargetDocumentLinkLanguage,
,ResultIndicatorPeriodTargetDocumentLinkLanguage_Code,,ResultIndicatorPeriodTargetDocumentLinkLanguage_Code
,ResultIndicatorPeriodTargetDocumentLinkDocumentDate,ResultIndicatorPeriodTargetDocumentLinkDocumentDate,
,ResultIndicatorPeriodTargetDocumentLinkDocumentDate_IsoDate,,ResultIndicatorPeriodTargetDocumentLinkDocumentDate_IsoDate
,ResultIndicatorPeriodActual,ResultIndicatorPeriodActual,
,ResultIndicatorPeriodActual_Value,,ResultIndicatorPeriodActual_Value
,ResultIndicatorPeriodActualLocation,ResultIndicatorPeriodActualLocation,
,ResultIndicatorPeriodActualLocation_Ref,,ResultIndicatorPeriodActualLocation_Ref
,ResultIndicatorPeriodActualDimension,ResultIndicatorPeriodActualDimension,
,ResultIndicatorPeriodActualDimension_Name,,ResultIndicatorPeriodActualDimension_Name
,ResultIndicatorPeriodActualDimension_Value,,ResultIndicatorPeriodActualDimension_Value
,ResultIndicatorPeriodActualComment,ResultIndicatorPeriodActualComment,
,ResultIndicatorPeriodActualCommentNarrative,ResultIndicatorPeriodActualCommentNarrative,
,ResultIndicatorPeriodActualCommentNarrative_Text,,ResultIndicatorPeriodActualCommentNarrative_Text
,ResultIndicatorPeriodActualCommentNarrative_Lang,,ResultIndicatorPeriodActualCommentNarrative_Lang
,ResultIndicatorPeriodActualDocumentLink,ResultIndicatorPeriodActualDocumentLink,
,ResultIndicatorPeriodActualDocumentLink_Url,,ResultIndicatorPeriodActualDocumentLink_Url
,ResultIndicatorPeriodActualDocumentLink_Format,,ResultIndicatorPeriodActualDocumentLink_Format
,ResultIndicatorPeriodActualDocumentLinkTitle,ResultIndicatorPeriodActualDocumentLinkTitle,
,ResultIndicatorPeriodActualDocumentLinkTitleNarrative,ResultIndicatorPeriodActualDocumentLinkTitleNarrative,
,ResultIndicatorPeriodActualDocumentLinkTitleNarrative_Text,,ResultIndicatorPeriodActualDocumentLinkTitleNarrative_Text
,ResultIndicatorPeriodActualDocumentLinkTitleNarrative_Lang,,ResultIndicatorPeriodActualDocumentLinkTitleNarrative_Lang
,ResultIndicatorPeriodActualDocumentLinkDescription,ResultIndicatorPeriodActualDocumentLinkDescription,
,ResultIndicatorPeriodActualDocumentLinkDescriptionNarrative,ResultIndicatorPeriodActualDocumentLinkDescriptionNarrative,
,ResultIndicatorPeriodActualDocumentLinkDescriptionNarrative_Text,,ResultIndicatorPeriodActualDocumentLinkDescriptionNarrative_Text
,ResultIndicatorPeriodActualDocumentLinkDescriptionNarrative_Lang,,ResultIndicatorPeriodActualDocumentLinkDescriptionNarrative_Lang
,ResultIndicatorPeriodActualDocumentLinkCategory,ResultIndicatorPeriodActualDocumentLinkCategory,
,ResultIndicatorPeriodActualDocumentLinkCategory_Code,,ResultIndicatorPeriodActualDocumentLinkCategory_Code
,ResultIndicatorPeriodActualDocumentLinkLanguage,ResultIndicatorPeriodActualDocumentLinkLanguage,
,ResultIndicatorPeriodActualDocumentLinkLanguage_Code,,ResultIndicatorPeriodActualDocumentLinkLanguage_Code
,ResultIndicatorPeriodActualDocumentLinkDocumentDate,ResultIndicatorPeriodActualDocumentLinkDocumentDate,
,ResultIndicatorPeriodActualDocumentLinkDocumentDate_IsoDate,,ResultIndicatorPeriodActualDocumentLinkDocumentDate_IsoDate
,CrsAdd,CrsAdd,
,CrsAddOtherFlags,CrsAddOtherFlags,
,CrsAddOtherFlags_Code,,CrsAddOtherFlags_Code
,CrsAddOtherFlags_Significance,,CrsAddOtherFlags_Significance
,CrsAddLoanTerms,CrsAddLoanTerms,
,CrsAddLoanTerms_Rate1,,CrsAddLoanTerms_Rate1
,CrsAddLoanTerms_Rate2,,CrsAddLoanTerms_Rate2
,CrsAddLoanTermsRepaymentType,CrsAddLoanTermsRepaymentType,
,CrsAddLoanTermsRepaymentType_Code,,CrsAddLoanTermsRepaymentType_Code
,CrsAddLoanTermsRepaymentPlan,CrsAddLoanTermsRepaymentPlan,
,CrsAddLoanTermsRepaymentPlan_Code,,CrsAddLoanTermsRepaymentPlan_Code
,CrsAddLoanTermsCommitmentDate,CrsAddLoanTermsCommitmentDate,
,CrsAddLoanTermsCommitmentDate_IsoDate,,CrsAddLoanTermsCommitmentDate_IsoDate
,CrsAddLoanTermsRepaymentFirstDate,CrsAddLoanTermsRepaymentFirstDate,
,CrsAddLoanTermsRepaymentFirstDate_IsoDate,,CrsAddLoanTermsRepaymentFirstDate_IsoDate
,CrsAddLoanTermsRepaymentFinalDate,CrsAddLoanTermsRepaymentFinalDate,
,CrsAddLoanTermsRepaymentFinalDate_IsoDate,,CrsAddLoanTermsRepaymentFinalDate_IsoDate
,CrsAddLoanStatus,CrsAddLoanStatus,
,CrsAddLoanStatus_Year,,CrsAddLoanStatus_Year
,CrsAddLoanStatus_Currency,,CrsAddLoanStatus_Currency
,CrsAddLoanStatus_ValueDate,,CrsAddLoanStatus_ValueDate
,CrsAddLoanStatusInterestReceived,CrsAddLoanStatusInterestReceived,
,CrsAddLoanStatusInterestReceived_Text,,CrsAddLoanStatusInterestReceived_Text
,CrsAddLoanStatusPrincipalOutstanding,CrsAddLoanStatusPrincipalOutstanding,
,CrsAddLoanStatusPrincipalOutstanding_Text,CrsAddLoanStatusPrincipalOutstanding_Text,
,CrsAddLoanStatusPrincipalArrears,CrsAddLoanStatusPrincipalArrears,
,CrsAddLoanStatusPrincipalArrears_Text,,CrsAddLoanStatusPrincipalArrears_Text
,CrsAddLoanStatusInterestArrears,CrsAddLoanStatusInterestArrears,
,CrsAddLoanStatusInterestArrears_Text,,CrsAddLoanStatusInterestArrears_Text
,CrsAddChannelCode,CrsAddChannelCode,
,Fss,Fss,
,Fss_ExtractionDate,,Fss_ExtractionDate
,Fss_Priority,,Fss_Priority
,Fss_PhaseoutYear,,Fss_PhaseoutYear
,FssForecast,FssForecast,
,FssForecast_Text,,FssForecast_Text
,FssForecast_Year,,FssForecast_Year
,FssForecast_Currency,,FssForecast_Currency
,FssForecast_ValueDate,,FssForecast_ValueDate